province,district,lat,lon
Adana,Aladağ,37.5154,35.3069
Adana,Ceyhan,37.0584,35.876
Adana,Feke,37.8988,35.7832
Adana,Karaisalı,37.2852,35.1896
Adana,Karataş,36.6693,35.2808
Adana,Kozan,37.5205,35.7416
Adana,Pozantı,37.4881,34.924
Adana,Saimbeyli,37.9487,36.0813
Adana,Sarıçam,37.1111,35.4732
Adana,Seyhan,36.9156,35.2328
Adana,Tufanbeyli,38.2287,36.191
Adana,Yumurtalık,36.7331,35.558
Adana,Yüreğir,36.8703,35.4799
Adana,Çukurova,37.0975,35.1511
Adana,İmamoğlu,37.3072,35.6028
Adıyaman,Adıyaman Merkez,37.7111,38.2771
Adıyaman,Besni,37.6067,37.8747
Adıyaman,Gerger,38.0147,38.9625
Adıyaman,Gölbaşı,37.762,37.6099
Adıyaman,Kâhta,37.7851,38.7292
Adıyaman,Samsat,37.5673,38.469
Adıyaman,Sincik,38.0546,38.5578
Adıyaman,Tut,37.8079,37.9515
Adıyaman,Çelikhan,38.0812,38.2637
Afyonkarahisar,Afyonkarahisar Merkez,38.7806,30.6089
Afyonkarahisar,Bayat,39.009,30.914
Afyonkarahisar,Başmakçı,37.8862,30.0459
Afyonkarahisar,Bolvadin,38.7873,31.1696
Afyonkarahisar,Dazkırı,37.9267,29.8252
Afyonkarahisar,Dinar,38.154,30.2035
Afyonkarahisar,Emirdağ,39.0197,31.2752
Afyonkarahisar,Evciler,38.074,29.9348
Afyonkarahisar,Hocalar,38.5868,29.9739
Afyonkarahisar,Kızılören,38.272,30.1648
Afyonkarahisar,Sandıklı,38.4799,30.1678
Afyonkarahisar,Sinanpaşa,38.714,30.2496
Afyonkarahisar,Sultandağı,38.5906,31.3385
Afyonkarahisar,Çay,38.504,30.9203
Afyonkarahisar,Çobanlar,38.7401,30.8308
Afyonkarahisar,İhsaniye,39.0558,30.4748
Afyonkarahisar,İscehisar,38.9229,30.7599
Afyonkarahisar,Şuhut,38.4263,30.5539
Aksaray,Aksaray Merkez,38.3914,33.9329
Aksaray,Ağaçören,38.793,33.8934
Aksaray,Eskil,38.3256,33.3963
Aksaray,Gülağaç,38.4172,34.3231
Aksaray,Güzelyurt,38.2588,34.3324
Aksaray,Ortaköy,38.7968,34.1529
Aksaray,Sarıyahşi,38.9665,33.8404
Aksaray,Sultanhanı,38.2113,33.6223
Amasya,Amasya,40.634,35.8164
Amasya,Göynücek,40.377,35.5324
Amasya,Gümüşhacıköy,40.8892,35.1934
Amasya,Hamamözü,40.7934,35.0584
Amasya,Merzifon,40.8414,35.4593
Amasya,Suluova,40.7827,35.6821
Amasya,Taşova,40.7851,36.2674
Ankara,Akyurt,40.1282,33.1475
Ankara,Altındağ,39.9897,32.9808
Ankara,Ayaş,40.0277,32.285
Ankara,Balâ,39.4682,33.1261
Ankara,Beypazarı,40.179,31.909
Ankara,Elmadağ,39.8815,33.2287
Ankara,Etimesgut,39.8683,32.6022
Ankara,Evren,39.0439,33.7687
Ankara,Gölbaşı,39.5346,32.7504
Ankara,Güdül,40.159,32.227
Ankara,Haymana,39.3008,32.5304
Ankara,Kahramankazan,40.1814,32.6661
Ankara,Kalecik,40.1809,33.4783
Ankara,Keçiören,40.0769,32.8381
Ankara,Kızılcahamam,40.4888,32.7207
Ankara,Mamak,39.9044,33.0253
Ankara,Nallıhan,40.1889,31.306
Ankara,Polatlı,39.453,32.1753
Ankara,Pursaklar,40.1085,32.8669
Ankara,Sincan,39.8878,32.5209
Ankara,Yenimahalle,40.0092,32.6843
Ankara,Çamlıdere,40.4979,32.3459
Ankara,Çankaya,39.7975,32.9456
Ankara,Çubuk,40.3193,33.0588
Ankara,Şereflikoçhisar,38.976,33.5334
Antalya,Akseki,37.0952,31.8282
Antalya,Aksu,37.0496,30.8468
Antalya,Alanya,36.5491,32.2247
Antalya,Demre,36.2935,29.952
Antalya,Döşemealtı,37.0973,30.576
Antalya,Elmalı,36.7128,29.921
Antalya,Finike,36.4059,30.0767
Antalya,Gazipaşa,36.3343,32.4486
Antalya,Gündoğmuş,36.8745,32.1082
Antalya,Kaş,36.3916,29.6168
Antalya,Kemer,36.5854,30.489
Antalya,Kepez,37.024,30.7139
Antalya,Konyaaltı,36.8152,30.4641
Antalya,Korkuteli,37.074,30.1761
Antalya,Kumluca,36.5296,30.2646
Antalya,Manavgat,37.0584,31.323
Antalya,Muratpaşa,36.8881,30.7384
Antalya,Serik,37.0895,31.0277
Antalya,İbradı,37.145,31.527
Ardahan,Ardahan Merkez,41.0713,42.6792
Ardahan,Damal,41.348,42.8485
Ardahan,Göle,40.8225,42.6808
Ardahan,Hanak,41.2656,42.8009
Ardahan,Posof,41.4886,42.6756
Ardahan,Çıldır,41.1799,43.3509
Artvin,Ardanuç,41.0914,42.1549
Artvin,Arhavi,41.2337,41.4205
Artvin,Artvin Merkez,41.1467,41.753
Artvin,Borçka,41.3968,41.8094
Artvin,Hopa,41.3858,41.4661
Artvin,Kemalpaşa,41.4715,41.5457
Artvin,Murgul,41.2289,41.5992
Artvin,Yusufeli,40.8403,41.5133
Artvin,Şavşat,41.3035,42.3732
Aydın,Bozdoğan,37.6551,28.4
Aydın,Buharkent,37.9975,28.7051
Aydın,Didim,37.4588,27.3387
Aydın,Efeler,37.8626,27.8821
Aydın,Germencik,37.8975,27.561
Aydın,Karacasu,37.7038,28.6689
Aydın,Karpuzlu,37.5508,27.815
Aydın,Koçarlı,37.6507,27.7077
Aydın,Kuyucak,37.9503,28.5701
Aydın,Kuşadası,37.7853,27.3103
Aydın,Köşk,37.9188,28.0485
Aydın,Nazilli,37.9351,28.3289
Aydın,Sultanhisar,37.9434,28.1734
Aydın,Söke,37.6742,27.4339
Aydın,Yenipazar,37.7798,28.185
Aydın,Çine,37.612,28.0824
Aydın,İncirliova,37.8712,27.7053
Ağrı,Ağrı Merkez,39.7779,43.1684
Ağrı,Diyadin,39.447,43.617
Ağrı,Doğubayazıt,39.5891,44.1061
Ağrı,Eleşkirt,39.8283,42.6088
Ağrı,Hamur,39.4773,43.0844
Ağrı,Panos,39.175,42.9134
Ağrı,Taşlıçay,39.5986,43.3972
Ağrı,Tutak,39.4965,42.6913
Balıkesir,Altıeylül,39.5633,27.8319
Balıkesir,Ayvalık,39.2678,26.7704
Balıkesir,Balya,39.7843,27.5731
Balıkesir,Bandırma,40.2508,27.9359
Balıkesir,Bigadiç,39.4483,28.2296
Balıkesir,Burhaniye,39.4378,27.0397
Balıkesir,Dursunbey,39.5299,28.6273
Balıkesir,Edremit,39.6613,26.8843
Balıkesir,Erdek,40.448,27.8848
Balıkesir,Gömeç,39.3776,26.8713
Balıkesir,Gönen,40.1288,27.6211
Balıkesir,Havran,39.5849,27.2286
Balıkesir,Karesi,39.794,27.89
Balıkesir,Kepsut,39.6855,28.2416
Balıkesir,Manyas,40.0507,27.933
Balıkesir,Marmara,40.6216,27.6294
Balıkesir,Savaştepe,39.4288,27.6214
Balıkesir,Susurluk,39.9364,28.14
Balıkesir,Sındırgı,39.2321,28.3097
Balıkesir,İvrindi,39.5185,27.4314
Bartın,Amasra,41.7422,32.4908
Bartın,Bartın Merkez,41.5475,32.3323
Bartın,Kurucaşile,41.782,32.6702
Bartın,Ulus,41.5375,32.6499
Batman,Batman Merkez,37.898,41.1179
Batman,Beşiri,37.9059,41.3198
Batman,Gercüş,37.6413,41.2278
Batman,Hasankeyf,37.695,41.6628
Batman,Kozluk,38.193,41.4316
Batman,Sason,38.396,41.4185
Bayburt,Aydıntepe,40.4517,40.113
Bayburt,Bayburt Merkez,40.2743,40.176
Bayburt,Demirözü,40.079,39.8251
Bilecik,Bilecik Merkez,40.1478,29.9369
Bilecik,Bozüyük,39.8236,29.9238
Bilecik,Gölpazarı,40.262,30.2988
Bilecik,Osmaneli,40.4166,29.9941
Bilecik,Pazaryeri,40.0178,29.8778
Bilecik,Söğüt,40.0033,30.1738
Bilecik,Yenipazar,40.2124,30.501
Bilecik,İnhisar,40.0607,30.3974
Bingöl,Adaklı,39.23,40.5488
Bingöl,Bingöl Merkez,38.9308,40.5202
Bingöl,Genç,38.6743,40.5895
Bingöl,Karlıova,39.2549,40.9367
Bingöl,Kiğı,39.2774,40.2718
Bingöl,Solhan,38.884,40.962
Bingöl,Yayladere,39.2038,40.0788
Bingöl,Yedisu,39.4394,40.4603
Bitlis,Adilcevaz,38.8244,42.8951
Bitlis,Ahlat,38.7901,42.346
Bitlis,Bitlis Merkez,38.3307,42.1674
Bitlis,Güroymak,38.597,42.1113
Bitlis,Hizan,38.1614,42.4714
Bitlis,Mutki,38.4211,41.784
Bitlis,Tatvan,38.4512,42.4872
Bolu,Bolu Merkez,40.7366,31.6877
Bolu,Dörtdivan,40.636,32.0159
Bolu,Gerede,40.7119,32.323
Bolu,Göynük,40.3267,30.835
Bolu,Kıbrıscık,40.4428,31.8781
Bolu,Mengen,40.9562,32.045
Bolu,Mudurnu,40.5136,31.1801
Bolu,Seben,40.4506,31.6021
Bolu,Yeniçağa,40.8037,32.0221
Burdur,Altınyayla,36.9399,29.4947
Burdur,Ağlasun,37.6228,30.6053
Burdur,Bucak,37.3818,30.5908
Burdur,Burdur Merkez,37.5986,30.2279
Burdur,Gölhisar,37.0701,29.4968
Burdur,Karamanlı,37.3656,29.8837
Burdur,Kemer,37.3575,30.0779
Burdur,Tefenni,37.2431,29.8254
Burdur,Yeşilova,37.6091,29.8427
Burdur,Çavdır,37.1164,29.7354
Burdur,Çeltikçi,37.5338,30.4447
Bursa,Büyükorhan,39.7442,28.8701
Bursa,Gemlik,40.4458,29.18
Bursa,Gürsu,40.2644,29.2079
Bursa,Harmancık,39.6999,29.1518
Bursa,Karacabey,40.2382,28.3885
Bursa,Keles,39.8899,29.2718
Bursa,Kestel,40.1869,29.3047
Bursa,Mudanya,40.3255,28.7693
Bursa,Mustafakemalpaşa,39.9702,28.517
Bursa,Nilüfer,40.1829,28.8324
Bursa,Orhaneli,39.8972,28.9136
Bursa,Orhangazi,40.4528,29.3746
Bursa,Osmangazi,40.1709,29.0206
Bursa,Yenişehir,40.2485,29.6211
Bursa,Yıldırım,40.1635,29.1363
Bursa,İnegöl,40.0203,29.5249
Bursa,İznik,40.4736,29.6904
Denizli,Acıpayam,37.3389,29.4044
Denizli,Babadağ,37.8094,28.868
Denizli,Baklan,38.0245,29.589
Denizli,Bekilli,38.2493,29.4188
Denizli,Beyağaç,37.2325,28.8858
Denizli,Bozkurt,37.8146,29.5542
Denizli,Buldan,38.1111,28.8365
Denizli,Güney,38.1448,29.0672
Denizli,Honaz,37.7654,29.3274
Denizli,Kale,37.4369,28.7466
Denizli,Merkezefendi,37.8083,29.0274
Denizli,Pamukkale,37.882,29.1829
Denizli,Sarayköy,37.913,28.8673
Denizli,Serinhisar,37.6006,29.307
Denizli,Tavas,37.4354,29.061
Denizli,Çal,38.0434,29.3981
Denizli,Çameli,37.0359,29.2487
Denizli,Çardak,37.7432,29.7503
Denizli,Çivril,38.2282,29.8505
Diyarbakır,Bağlar,37.8258,40.0237
Diyarbakır,Bismil,37.8463,40.7331
Diyarbakır,Dicle,38.3478,40.1163
Diyarbakır,Ergani,38.0835,39.7658
Diyarbakır,Eğil,38.1997,40.1127
Diyarbakır,Hani,38.4318,40.3575
Diyarbakır,Hazro,38.2291,40.7667
Diyarbakır,Kayapınar,37.995,39.9883
Diyarbakır,Kocaköy,38.2485,40.5191
Diyarbakır,Kulp,38.476,41.09
Diyarbakır,Lice,38.4641,40.6618
Diyarbakır,Silvan,38.1418,40.9856
Diyarbakır,Sur,38.0437,40.3874
Diyarbakır,Yenişehir,38.0204,40.1761
Diyarbakır,Çermik,38.0367,39.3996
Diyarbakır,Çüngüş,38.2289,39.3429
Diyarbakır,Çınar,37.6724,40.2304
Düzce,Akçakoca,41.0202,31.1482
Düzce,Cumayeri,40.9145,30.8988
Düzce,Düzce Merkez,40.8091,31.1464
Düzce,Gölyaka,40.7492,30.9743
Düzce,Gümüşova,40.8181,30.927
Düzce,Kaynaşlı,40.7452,31.3259
Düzce,Yığılca,40.9105,31.4687
Düzce,Çilimli,40.899,31.0495
Edirne,Edirne Merkez,41.6539,26.6138
Edirne,Enez,40.6941,26.192
Edirne,Havsa,41.5581,26.8347
Edirne,Keşan,40.825,26.5964
Edirne,Lalapaşa,41.8715,26.7454
Edirne,Meriç,41.1664,26.4204
Edirne,Süloğlu,41.7671,26.8992
Edirne,Uzunköprü,41.2444,26.7624
Edirne,İpsala,40.9147,26.4107
Elazığ,Alacakaya,38.4826,39.8455
Elazığ,Arıcak,38.5494,40.1352
Elazığ,Ağın,38.9426,38.6747
Elazığ,Baskil,38.5733,38.6342
Elazığ,Elâzığ Merkez,38.6648,39.2147
Elazığ,Karakoçan,39.0012,40.0651
Elazığ,Keban,38.7714,38.7664
Elazığ,Kovancılar,38.7616,39.765
Elazığ,Maden,38.4193,39.6015
Elazığ,Palu,38.6786,40.0106
Elazığ,Sivrice,38.4073,39.1721
Erzincan,Erzincan Merkez,39.6959,39.468
Erzincan,Kemah,39.5891,39.0372
Erzincan,Kemaliye,39.2061,38.5406
Erzincan,Otlukbeli,39.9954,40.0606
Erzincan,Refahiye,39.881,38.76
Erzincan,Tercan,39.7264,40.3531
Erzincan,Çayırlı,39.8469,39.8654
Erzincan,Üzümlü,39.6704,39.8493
Erzincan,İliç,39.5295,38.4734
Erzurum,Aziziye,40.0766,40.986
Erzurum,Aşkale,39.8929,40.7063
Erzurum,Horasan,40.0702,42.1718
Erzurum,Hınıs,39.3592,41.6402
Erzurum,Karayazı,39.6444,42.128
Erzurum,Karaçoban,39.3471,42.0674
Erzurum,Köprüköy,39.9228,41.907
Erzurum,Narman,40.302,41.8589
Erzurum,Oltu,40.5684,41.9698
Erzurum,Olur,40.842,42.0988
Erzurum,Palandöken,39.851,41.2832
Erzurum,Pasinler,40.0062,41.6315
Erzurum,Pazaryolu,40.4289,40.6827
Erzurum,Tekman,39.6056,41.4319
Erzurum,Tortum,40.3675,41.4261
Erzurum,Uzundere,40.5761,41.597
Erzurum,Yakutiye,40.0567,41.276
Erzurum,Çat,39.5922,40.8701
Erzurum,İspir,40.5194,40.9938
Erzurum,Şenkaya,40.5974,42.356
Eskişehir,Alpu,39.8507,31.0048
Eskişehir,Beylikova,39.7434,31.2612
Eskişehir,Günyüzü,39.3209,31.8609
Eskişehir,Han,39.177,30.7981
Eskişehir,Mahmudiye,39.5029,31.001
Eskişehir,Mihalgazi,40.0222,30.5458
Eskişehir,Mihalıççık,39.8459,31.5829
Eskişehir,Odunpazarı,39.632,30.5762
Eskişehir,Sarıcakaya,40.0648,30.7275
Eskişehir,Seyitgazi,39.346,30.5993
Eskişehir,Sivrihisar,39.3757,31.4864
Eskişehir,Tepebaşı,39.8249,30.5688
Eskişehir,Çifteler,39.319,31.0652
Eskişehir,İnönü,39.7581,30.111
Gaziantep,Araban,37.4382,37.7748
Gaziantep,Karkamış,36.8551,37.9164
Gaziantep,Nizip,37.0424,37.7725
Gaziantep,Nurdağı,37.1781,36.8463
Gaziantep,Oğuzeli,36.8784,37.5537
Gaziantep,Yavuzeli,37.3134,37.6642
Gaziantep,İslahiye,36.9886,36.7164
Gaziantep,Şahinbey,36.9285,37.2426
Gaziantep,Şehitkamil,37.17,37.3078
Giresun,Alucra,40.3704,38.8595
Giresun,Bulancak,40.7345,38.111
Giresun,Dereli,40.6324,38.378
Giresun,Doğankent,40.7181,38.9177
Giresun,Espiye,40.7588,38.7738
Giresun,Eynesil,41.0154,39.1301
Giresun,Giresun Merkez,40.7998,38.3532
Giresun,Görele,40.9275,39.1051
Giresun,Güce,40.7562,38.8549
Giresun,Keşap,40.8326,38.5608
Giresun,Piraziz,40.872,38.0839
Giresun,Tirebolu,40.9178,38.8699
Giresun,Yağlıdere,40.6986,38.6294
Giresun,Çamoluk,40.1446,38.7192
Giresun,Çanakçı,40.8635,39.0546
Giresun,Şebinkarahisar,40.3117,38.4095
Gümüşhane,Gümüşhane Merkez,40.4911,39.6564
Gümüşhane,Kelkit,40.0667,39.4285
Gümüşhane,Köse,40.2052,39.6818
Gümüşhane,Kürtün,40.6464,39.0832
Gümüşhane,Torul,40.4908,39.1769
Gümüşhane,Şiran,40.1827,39.0744
Hakkâri,Derecik,37.0897,44.3449
Hakkâri,Hakkari Merkez,37.5847,43.7121
Hakkâri,Yüksekova,37.5149,44.2912
Hakkâri,Çukurca,37.3519,43.7204
Hakkâri,Şemdinli,37.3081,44.5103
Hatay,Altınözü,36.0754,36.2819
Hatay,Antakya,36.283,36.162
Hatay,Arsuz,36.4191,35.9687
Hatay,Belen,36.4432,36.1913
Hatay,Defne,36.1577,36.1219
Hatay,Dörtyol,36.8505,36.2939
Hatay,Erzin,36.9645,36.1348
Hatay,Hassa,36.735,36.503
Hatay,Kumlu,36.3825,36.5111
Hatay,Kırıkhan,36.5182,36.4105
Hatay,Payas,36.7405,36.2913
Hatay,Reyhanlı,36.2798,36.524
Hatay,Samandağ,36.1604,35.976
Hatay,Yayladağı,35.9673,36.0679
Hatay,İskenderun,36.6204,36.2535
Isparta,Aksu,37.7112,31.1956
Isparta,Atabey,37.9731,30.6379
Isparta,Eğirdir,37.8176,30.8684
Isparta,Gelendost,38.0889,31.013
Isparta,Gönen,37.9294,30.4643
Isparta,Isparta Merkez,37.7342,30.5965
Isparta,Keçiborlu,37.9128,30.2601
Isparta,Senirkent,38.1605,30.6641
Isparta,Sütçüler,37.5545,31.0496
Isparta,Uluborlu,38.1052,30.4427
Isparta,Yalvaç,38.3157,31.0495
Isparta,Yenişarbademli,37.7662,31.3283
Isparta,Şarkikaraağaç,38.0207,31.3344
Iğdır,Aralık,39.8097,44.47
Iğdır,Iğdır,39.8644,43.9864
Iğdır,Karakoyunlu,39.9217,44.2312
Iğdır,Tuzluca,39.9518,43.5845
Kahramanmaraş,Afşin,38.3466,36.8798
Kahramanmaraş,Andırın,37.5973,36.3867
Kahramanmaraş,Dulkadiroğlu,37.6221,37.0855
Kahramanmaraş,Ekinözü,38.0081,37.0804
Kahramanmaraş,Elbistan,38.3375,37.3177
Kahramanmaraş,Göksun,38.1112,36.5477
Kahramanmaraş,Nurhak,37.978,37.4265
Kahramanmaraş,Onikişubat,37.6851,36.7355
Kahramanmaraş,Pazarcık,37.4394,37.3708
Kahramanmaraş,Türkoğlu,37.3529,36.8584
Kahramanmaraş,Çağlayancerit,37.7786,37.3265
Karabük,Eflani,41.4425,32.968
Karabük,Eskipazar,40.9265,32.5737
Karabük,Karabük Merkez,41.1771,32.6168
Karabük,Ovacık,41.0518,32.9477
Karabük,Safranbolu,41.3291,32.719
Karabük,Yenice,41.1621,32.282
Karaman,Ayrancı,37.283,33.8853
Karaman,Başyayla,36.7516,32.6879
Karaman,Ermenek,36.6378,32.8856
Karaman,Karaman Merkez,37.1887,33.3356
Karaman,Kazımkarabekir,37.2778,32.9433
Karaman,Sarıveliler,36.6691,32.5749
Kars,Akyaka,40.8001,43.6231
Kars,Arpaçay,40.8874,43.4067
Kars,Digor,40.3082,43.4374
Kars,Kars Merkez,40.5648,43.2475
Kars,Kağızman,40.1561,43.1587
Kars,Sarıkamış,40.1993,42.5532
Kars,Selim,40.4753,42.7142
Kars,Susuz,40.8157,43.0802
Kastamonu,Abana,41.9495,34.076
Kastamonu,Araç,41.18,33.2059
Kastamonu,Azdavay,41.7151,33.3151
Kastamonu,Ağlı,41.7195,33.6
Kastamonu,Bozkurt,41.8679,34.0112
Kastamonu,Cide,41.8767,33.0613
Kastamonu,Daday,41.4808,33.3534
Kastamonu,Devrekani,41.6938,33.9483
Kastamonu,Doğanyurt,41.944,33.4348
Kastamonu,Hanönü,41.6224,34.4687
Kastamonu,Kastamonu Merkez,41.3144,33.845
Kastamonu,Küre,41.802,33.6932
Kastamonu,Pınarbaşı,41.6312,33.0611
Kastamonu,Seydiler,41.6503,33.6965
Kastamonu,Taşköprü,41.4625,34.2179
Kastamonu,Tosya,40.9975,34.0879
Kastamonu,Çatalzeytin,41.8548,34.2235
Kastamonu,İhsangazi,41.1622,33.555
Kastamonu,İnebolu,41.8981,33.7992
Kastamonu,Şenpazar,41.8266,33.217
Kayseri,Akkışla,38.985,36.1946
Kayseri,Bünyan,38.7883,35.957
Kayseri,Develi,38.2756,35.4998
Kayseri,Felahiye,39.1017,35.5628
Kayseri,Hacılar,38.6296,35.4192
Kayseri,Kocasinan,38.8932,35.3602
Kayseri,Melikgazi,38.7243,35.6394
Kayseri,Pınarbaşı,38.8053,36.4648
Kayseri,Sarıoğlan,39.1431,35.9009
Kayseri,Sarız,38.4782,36.515
Kayseri,Talas,38.6115,35.7107
Kayseri,Tomarza,38.4125,35.9288
Kayseri,Yahyalı,37.9752,35.4236
Kayseri,Yeşilhisar,38.3108,35.1238
Kayseri,Özvatan,39.1125,35.7634
Kayseri,İncesu,38.6369,35.2138
Kilis,Elbeyli,36.7242,37.4668
Kilis,Kilis Merkez,36.7571,37.1515
Kilis,Musabeyli,36.9324,36.9799
Kilis,Polateli,36.8449,37.1365
Kocaeli,Başiskele,40.6459,29.9516
Kocaeli,Darıca,40.7793,29.3843
Kocaeli,Derince,40.8823,29.8901
Kocaeli,Dilovası,40.8346,29.5863
Kocaeli,Gebze,40.9046,29.5156
Kocaeli,Gölcük,40.6514,29.7948
Kocaeli,Kandıra,41.0415,30.0697
Kocaeli,Karamürsel,40.6145,29.6038
Kocaeli,Kartepe,40.6899,30.0834
Kocaeli,Körfez,40.8879,29.7681
Kocaeli,Çayırova,40.8456,29.3963
Kocaeli,İzmit,40.8461,30.0812
Konya,Ahırlı,37.2656,32.1187
Konya,Akören,37.4054,32.3368
Konya,Akşehir,38.3785,31.4324
Konya,Altınekin,38.3032,32.92
Konya,Beyşehir,37.6924,31.6736
Konya,Bozkır,37.1785,32.346
Konya,Cihanbeyli,38.7043,32.9703
Konya,Derbent,37.9943,31.9891
Konya,Derebucak,37.3821,31.5575
Konya,Doğanhisar,38.1375,31.6477
Konya,Emirgazi,37.9501,33.7631
Konya,Ereğli,37.6809,34.1524
Konya,Güneysınır,37.1992,32.6988
Konya,Hadim,36.9235,32.3183
Konya,Halkapınar,37.3874,34.3044
Konya,Hüyük,37.9132,31.6012
Konya,Ilgın,38.2807,31.8774
Konya,Kadınhanı,38.4773,32.1914
Konya,Karapınar,37.7362,33.512
Konya,Karatay,37.9574,32.9626
Konya,Kulu,39.0307,32.9816
Konya,Meram,37.7001,32.3455
Konya,Sarayönü,38.4857,32.4728
Konya,Selçuklu,38.0899,32.5286
Konya,Seydişehir,37.4598,31.9258
Konya,Taşkent,36.8866,32.5868
Konya,Tuzlukçu,38.4981,31.6965
Konya,Yalıhüyük,37.2792,32.0375
Konya,Yunak,38.763,31.8385
Konya,Çeltik,39.0003,31.8409
Konya,Çumra,37.531,32.851
Kütahya,Altıntaş,39.0536,30.0471
Kütahya,Aslanapa,39.2028,29.894
Kütahya,Domaniç,39.774,29.551
Kütahya,Dumlupınar,38.9062,29.9825
Kütahya,Emet,39.3418,29.3257
Kütahya,Gediz,38.9867,29.5281
Kütahya,Hisarcık,39.2062,29.2377
Kütahya,Kütahya Merkez,39.4167,30.07
Kütahya,Pazarlar,38.9615,29.122
Kütahya,Simav,39.1931,28.8595
Kütahya,Tavşanlı,39.5656,29.3623
Kütahya,Çavdarhisar,39.2307,29.6437
Kütahya,Şaphane,38.9699,29.2178
Kırklareli,Babaeski,41.4441,27.0697
Kırklareli,Demirköy,41.8716,27.7683
Kırklareli,Kofçaz,41.9814,27.1122
Kırklareli,Kırklareli Merkez,41.8082,27.2927
Kırklareli,Lüleburgaz,41.3981,27.4056
Kırklareli,Pehlivanköy,41.3877,26.9569
Kırklareli,Pınarhisar,41.6554,27.5215
Kırklareli,Vize,41.6074,27.8306
Kırıkkale,Bahşılı,39.7279,33.3321
Kırıkkale,Balışıh,39.9446,33.7663
Kırıkkale,Delice,39.9588,34.0456
Kırıkkale,Karakeçili,39.5599,33.3577
Kırıkkale,Keskin,39.6448,33.6916
Kırıkkale,Kırıkkale Merkez,39.8851,33.5785
Kırıkkale,Sulakyurt,40.1966,33.816
Kırıkkale,Yahşihan,39.8938,33.4113
Kırıkkale,Çelebi,39.4837,33.4987
Kırşehir,Akpınar,39.4868,33.9707
Kırşehir,Akçakent,39.6446,34.1001
Kırşehir,Boztepe,39.3351,34.3976
Kırşehir,Kaman,39.3287,33.7244
Kırşehir,Kırşehir Merkez,39.1689,34.0479
Kırşehir,Mucur,39.0884,34.3844
Kırşehir,Çiçekdağı,39.5695,34.3428
Malatya,Akçadağ,38.3684,37.8699
Malatya,Arapgir,38.9438,38.4866
Malatya,Arguvan,38.8529,38.2872
Malatya,Battalgazi,38.3186,38.5219
Malatya,Darende,38.5813,37.5923
Malatya,Doğanyol,38.2796,39.0422
Malatya,Doğanşehir,38.066,37.8608
Malatya,Hekimhan,38.8372,37.9651
Malatya,Kale,38.371,38.7805
Malatya,Kuluncak,38.8592,37.6585
Malatya,Pütürge,38.17,38.86
Malatya,Yazıhan,38.6028,38.1385
Malatya,Yeşilyurt,38.3096,38.213
Manisa,Ahmetli,38.5259,27.928
Manisa,Akhisar,38.9941,27.8248
Manisa,Alaşehir,38.3236,28.4551
Manisa,Demirci,38.9507,28.6784
Manisa,Gölmarmara,38.6792,27.9658
Manisa,Gördes,38.9434,28.2832
Manisa,Kula,38.5569,28.6243
Manisa,Köprübaşı,38.765,28.399
Manisa,Kırkağaç,39.1967,27.8597
Manisa,Salihli,38.5533,28.2216
Manisa,Saruhanlı,38.7892,27.6284
Manisa,Sarıgöl,38.2177,28.7233
Manisa,Selendi,38.7986,28.889
Manisa,Soma,39.2124,27.6389
Manisa,Turgutlu,38.4731,27.7503
Manisa,Yunus Emre,38.7425,27.2673
Manisa,Şehzadeler,38.6599,27.4765
Mardin,Artuklu,37.3354,40.719
Mardin,Dargeçit,37.545,41.7151
Mardin,Derik,37.3209,40.1722
Mardin,Kızıltepe,37.124,40.4917
Mardin,Mazıdağı,37.4867,40.4159
Mardin,Midyat,37.3698,41.3695
Mardin,Nusaybin,37.2013,41.5089
Mardin,Savur,37.5879,40.8612
Mardin,Yeşilli,37.3205,40.8588
Mardin,Ömerli,37.3742,41.0067
Mersin,Akdeniz,36.8827,34.7372
Mersin,Anamur,36.2686,32.7739
Mersin,Aydıncık,36.2102,33.315
Mersin,Bozyazı,36.2656,33.0017
Mersin,Erdemli,36.8228,34.1646
Mersin,Gülnar,36.3556,33.3332
Mersin,Mezitli,36.8447,34.4036
Mersin,Mut,36.7144,33.3332
Mersin,Silifke,36.5858,33.9482
Mersin,Tarsus,37.0789,34.8616
Mersin,Toroslar,36.9963,34.5061
Mersin,Yenişehir,36.8441,34.4998
Mersin,Çamlıyayla,37.2251,34.4447
Muğla,Bodrum,37.0664,27.4853
Muğla,Dalaman,36.8165,28.8907
Muğla,Datça,36.7305,27.5538
Muğla,Fethiye,36.6511,29.203
Muğla,Kara Ada,36.9774,27.463
Muğla,Kavaklıdere,37.4702,28.4084
Muğla,Köyceğiz,36.9647,28.755
Muğla,Marmaris,36.7893,28.1918
Muğla,Menteşe,37.2486,28.4353
Muğla,Milas,37.2742,27.778
Muğla,Ortaca,36.8006,28.6976
Muğla,Seydikemer,36.6371,29.4582
Muğla,Ula,37.0569,28.4281
Muğla,Yatağan,37.3357,28.1494
Muğla,Περιφερειακή Ενότητα Καλύμνου,36.4632,26.396
Muş,Bulanık,39.0925,42.1342
Muş,Hasköy,38.6495,41.7461
Muş,Korkut,38.7709,41.9044
Muş,Malazgirt,39.2224,42.4977
Muş,Muş Merkez,38.7767,41.4492
Muş,Varto,39.1997,41.398
Nevşehir,Acıgöl,38.538,34.525
Nevşehir,Avanos,38.8709,34.8537
Nevşehir,Derinkuyu,38.4003,34.6996
Nevşehir,Gülşehir,38.7622,34.5027
Nevşehir,Hacıbektaş,39.0013,34.6427
Nevşehir,Kozaklı,39.2111,34.7826
Nevşehir,Nevşehir Merkez,38.5872,34.7197
Nevşehir,Ürgüp,38.5928,34.9595
Niğde,Altunhisar,38.0286,34.2334
Niğde,Bor,37.8734,34.405
Niğde,Niğde Merkez,38.1215,34.9096
Niğde,Ulukışla,37.5446,34.58
Niğde,Çamardı,37.8596,35.0302
Niğde,Çiftlik,38.1729,34.455
Ordu,Akkuş,40.8148,36.968
Ordu,Altınordu,40.8921,37.9273
Ordu,Aybastı,40.6447,37.3772
Ordu,Fatsa,40.9667,37.515
Ordu,Gölköy,40.6579,37.6062
Ordu,Gülyalı,40.937,38.057
Ordu,Gürgentepe,40.8284,37.5791
Ordu,Kabadüz,40.6981,37.9058
Ordu,Kabataş,40.7491,37.4326
Ordu,Korgan,40.7377,37.2731
Ordu,Kumru,40.8471,37.2538
Ordu,Mesudiye,40.5318,37.7775
Ordu,Perşembe,41.0161,37.733
Ordu,Ulubey,40.8092,37.7485
Ordu,Çamaş,40.8941,37.5382
Ordu,Çatalpınar,40.8509,37.4553
Ordu,Çaybaşı,40.975,37.053
Ordu,Ünye,41.0105,37.2564
Ordu,İkizce,41.0035,37.0009
Osmaniye,Bahçe,37.2192,36.5964
Osmaniye,Düziçi,37.3003,36.4458
Osmaniye,Hasanbeyli,37.0837,36.4969
Osmaniye,Kadirli,37.4618,36.1694
Osmaniye,Osmaniye Merkez,37.0969,36.2957
Osmaniye,Sumbas,37.5698,36.0451
Osmaniye,Toprakkale,37.0632,36.1363
Rize,Ardeşen,41.0976,41.155
Rize,Derepazarı,40.999,40.4288
Rize,Fındıklı,41.2012,41.2305
Rize,Güneysu,40.9382,40.6533
Rize,Hemşin,40.9906,40.8835
Rize,Kalkandere,40.8965,40.4716
Rize,Pazar,41.1221,40.8973
Rize,Rize Merkez,40.9498,40.5324
Rize,Çamlıhemşin,40.9206,41.0625
Rize,Çayeli,40.9522,40.7879
Rize,İkizdere,40.6777,40.679
Rize,İyidere,40.9936,40.3666
Sakarya,Adapazarı,40.8443,30.3669
Sakarya,Akyazı,40.6604,30.6807
Sakarya,Arifiye,40.6773,30.3821
Sakarya,Erenler,40.6879,30.467
Sakarya,Ferizli,40.9988,30.4856
Sakarya,Geyve,40.4985,30.3529
Sakarya,Hendek,40.7992,30.7174
Sakarya,Karapürçek,40.6183,30.5101
Sakarya,Karasu,41.011,30.6715
Sakarya,Kaynarca,41.0606,30.364
Sakarya,Kocaali,40.9738,30.8524
Sakarya,Pamukova,40.515,30.1265
Sakarya,Sapanca,40.6559,30.2329
Sakarya,Serdivan,40.7808,30.3073
Sakarya,Söğütlü,40.9151,30.4847
Sakarya,Taraklı,40.4131,30.4821
Samsun,19 Mayıs,41.4806,36.056
Samsun,Alaçam,41.47,35.5237
Samsun,Asarcık,41.0223,36.2722
Samsun,Atakum,41.3354,36.1312
Samsun,Ayvacık,40.9746,36.6072
Samsun,Bafra,41.4823,35.8254
Samsun,Canik,41.174,36.2857
Samsun,Havza,41.0734,35.7276
Samsun,Kavak,41.1311,36.0337
Samsun,Ladik,40.9215,35.9814
Samsun,Salıpazarı,41.0381,36.8208
Samsun,Tekkeköy,41.1483,36.4813
Samsun,Terme,41.1441,37.0066
Samsun,Vezirköprü,41.1837,35.3218
Samsun,Yakakent,41.5776,35.3978
Samsun,Çarşamba,41.1554,36.6896
Samsun,İlkadım,41.2309,36.188
Siirt,Baykan,38.1382,41.7787
Siirt,Eruh,37.7418,42.1828
Siirt,Kurtalan,37.8959,41.6146
Siirt,Pervari,37.8513,42.5577
Siirt,Siirt,37.8694,41.9672
Siirt,Tillo,37.9461,42.03
Siirt,Şirvan,38.0859,42.1471
Sinop,Ayancık,41.8315,34.5954
Sinop,Boyabat,41.5056,34.7049
Sinop,Dikmen,41.5814,35.2087
Sinop,Durağan,41.4147,35.1937
Sinop,Erfelek,41.8407,34.8612
Sinop,Gerze,41.7384,35.1283
Sinop,Saraydüzü,41.3037,34.7721
Sinop,Sinop Merkez,41.8812,35.058
Sinop,Türkeli,41.8514,34.3721
Sivas,Akıncılar,40.0452,38.3847
Sivas,Altınyayla,39.2452,36.7457
Sivas,Divriği,39.377,38.0653
Sivas,Doğanşar,40.1594,37.5594
Sivas,Gemerek,39.2892,36.0382
Sivas,Gölova,40.0485,38.6446
Sivas,Gürün,38.799,37.1572
Sivas,Hafik,39.8887,37.3738
Sivas,Kangal,39.2047,37.4496
Sivas,Koyulhisar,40.3189,37.7931
Sivas,Sivas Merkez,39.747,37.0396
Sivas,Suşehri,40.1853,38.1494
Sivas,Ulaş,39.3982,37.0996
Sivas,Yıldızeli,39.8931,36.5007
Sivas,Zara,39.8287,37.7856
Sivas,İmranlı,39.771,38.1803
Sivas,Şarkışla,39.3831,36.3728
Tekirdağ,Ergene,41.2969,27.6521
Tekirdağ,Hayrabolu,41.1691,27.1293
Tekirdağ,Kapaklı,41.3298,28.0107
Tekirdağ,Malkara,40.923,26.9386
Tekirdağ,Marmaraereğlisi,41.0403,27.8127
Tekirdağ,Muratlı,41.162,27.5124
Tekirdağ,Saray,41.4471,27.8884
Tekirdağ,Süleymanpaşa,40.9713,27.3231
Tekirdağ,Çerkezköy,41.2628,27.9873
Tekirdağ,Çorlu,41.1141,27.7517
Tekirdağ,Şarköy,40.6801,27.1312
Tokat,Almus,40.3118,37.0117
Tokat,Artova,40.1295,36.253
Tokat,Başçiftlik,40.5213,37.1525
Tokat,Erbaa,40.7018,36.5943
Tokat,Niksar,40.5667,36.8886
Tokat,Pazar,40.2499,36.2382
Tokat,Reşadiye,40.4297,37.3744
Tokat,Sulusaray,39.9809,36.0514
Tokat,Tokat,40.2487,36.5615
Tokat,Turhal,40.3973,36.1231
Tokat,Yeşilyurt,39.9866,36.2709
Tokat,Zile,40.2545,35.7415
Trabzon,Akçaabat,40.959,39.5101
Trabzon,Araklı,40.7448,39.9613
Trabzon,Arsin,40.846,39.9242
Trabzon,Beşikdüzü,41.0132,39.2
Trabzon,Dernekpazarı,40.7759,40.1952
Trabzon,Düzköy,40.838,39.3902
Trabzon,Hayrat,40.7692,40.4122
Trabzon,Köprübaşı,40.7007,40.1199
Trabzon,Maçka,40.757,39.5729
Trabzon,Of,40.8816,40.2755
Trabzon,Ortahisar,40.894,39.7655
Trabzon,Sürmene,40.8038,40.0593
Trabzon,Tonya,40.8446,39.2864
Trabzon,Vakfıkebir,40.9896,39.3132
Trabzon,Yomra,40.8499,39.8455
Trabzon,Çarşıbaşı,41.0277,39.4224
Trabzon,Çaykara,40.6532,40.2483
Trabzon,Şalpazarı,40.8663,39.1871
Tunceli,Hozat,39.1163,39.2016
Tunceli,Mazgirt,38.9389,39.7337
Tunceli,Nazmiye,39.1964,39.8304
Tunceli,Ovacık,39.3595,39.3525
Tunceli,Pertek,38.9034,39.2894
Tunceli,Pülümür,39.4638,39.9717
Tunceli,Tunceli Merkez,39.1366,39.5334
Tunceli,Çemişgezek,39.0441,38.9255
Uşak,Banaz,38.7505,29.8148
Uşak,Eşme,38.4392,28.9601
Uşak,Karahallı,38.3585,29.5312
Uşak,Sivaslı,38.514,29.6689
Uşak,Ulubey,38.3781,29.2777
Uşak,Uşak,38.6703,29.2267
Van,Bahçesaray,38.0907,42.8125
Van,Başkale,38.0525,44.0801
Van,Edremit,38.4443,43.2154
Van,Erciş,39.1297,43.3514
Van,Gevaş,38.3713,42.9293
Van,Gürpınar,38.1212,43.6099
Van,Muradiye,38.9758,43.6855
Van,Saray,38.5258,44.181
Van,Tuşba,38.7252,43.2852
Van,Çaldıran,39.1275,44.0212
Van,Çatak,38.0014,43.0449
Van,Özalp,38.7144,43.9948
Van,İpekyolu,38.6092,43.6767
Yalova,Altınova,40.6424,29.4714
Yalova,Armutlu,40.5241,28.8925
Yalova,Termal,40.5967,29.1747
Yalova,Yalova Merkez,40.594,29.2674
Yalova,Çiftlikköy,40.624,29.4015
Yalova,Çınarcık,40.6068,29.0488
Yozgat,Akdağmadeni,39.7141,35.8548
Yozgat,Aydıncık,40.1668,35.2669
Yozgat,Boğazlıyan,39.2467,35.3023
Yozgat,Kadışehri,39.9971,35.8201
Yozgat,Saraykent,39.7741,35.551
Yozgat,Sarıkaya Deresi,39.5073,35.4045
Yozgat,Sorgun,39.8024,35.2631
Yozgat,Yenifakılı,39.231,35.0543
Yozgat,Yerköy,39.7061,34.4974
Yozgat,Yozgat Merkez,39.7565,34.7838
Yozgat,Çandır,39.2619,35.517
Yozgat,Çayıralan,39.382,35.696
Yozgat,Çekerek,40.0539,35.5038
Yozgat,Şefaatli,39.4893,34.7908
Zonguldak,Alaplı,41.1072,31.4763
Zonguldak,Devrek,41.168,31.941
Zonguldak,Ereğli,41.2446,31.6325
Zonguldak,Gökçebey,41.3036,32.1933
Zonguldak,Kilimli,41.4885,31.9187
Zonguldak,Kozlu,41.3558,31.7441
Zonguldak,Zonguldak Merkez,41.3792,31.8865
Zonguldak,Çaycuma,41.4652,32.1135
Çanakkale,Ayvacık,39.5704,26.3771
Çanakkale,Bayramiç,39.8387,26.7054
Çanakkale,Biga,40.2787,27.254
Çanakkale,Bozcaada,39.8171,26.0395
Çanakkale,Eceabat,40.2123,26.3322
Çanakkale,Ezine,39.8019,26.3042
Çanakkale,Gelibolu,40.5047,26.7251
Çanakkale,Gökçeada,40.1659,25.8314
Çanakkale,Lapseki,40.2571,26.7691
Çanakkale,Yenice,39.9056,27.3084
Çanakkale,Çan,39.9833,26.968
Çanakkale,Çanakkale,40.0745,26.5926
Çankırı,Atkaracalar,40.8336,33.0853
Çankırı,Bayramören,40.9928,33.1839
Çankırı,Eldivan,40.4895,33.4989
Çankırı,Ilgaz,40.9432,33.5907
Çankırı,Korgun,40.6916,33.4645
Çankırı,Kurşunlu,40.816,33.2994
Çankırı,Kızılırmak,40.3815,34.0018
Çankırı,Orta,40.6096,33.1231
Çankırı,Yapraklı,40.7241,33.8815
Çankırı,Çankırı Merkez,40.5642,33.8192
Çankırı,Çerkeş,40.814,32.8024
Çankırı,Şabanözü,40.4669,33.2661
Çorum,Alaca,40.163,34.9236
Çorum,Bayat,40.6372,34.2321
Çorum,Boğazkale,40.0306,34.5443
Çorum,Dodurga,40.8297,34.7667
Çorum,Kargı,41.1554,34.513
Çorum,Laçin,40.7915,34.8938
Çorum,Mecitözü,40.5084,35.3008
Çorum,Ortaköy,40.2879,35.2369
Çorum,Osmancık,41.0487,34.811
Çorum,Oğuzlar,40.7694,34.67
Çorum,Sungurlu,40.2054,34.315
Çorum,Uğurludağ,40.4656,34.4102
Çorum,Çorum Merkez,40.5093,34.8201
Çorum,İskilip,40.7546,34.4408
İstanbul,Adalar,40.8763,29.091
İstanbul,Arnavutköy,41.2483,28.6816
İstanbul,Ataşehir,40.9844,29.1459
İstanbul,Avcılar,41.0374,28.7172
İstanbul,Bahçelievler,41.0097,28.8386
İstanbul,Bakırköy,40.9809,28.8329
İstanbul,Bayrampaşa,41.0507,28.8985
İstanbul,Bağcılar,41.045,28.834
İstanbul,Başakşehir,41.1037,28.7721
İstanbul,Beykoz,41.1387,29.2216
İstanbul,Beylikdüzü,40.9879,28.6439
İstanbul,Beyoğlu,41.0428,28.9635
İstanbul,Beşiktaş,41.0716,29.0305
İstanbul,Büyükçekmece,41.057,28.5589
İstanbul,Esenler,41.0627,28.8697
İstanbul,Esenyurt,41.0492,28.658
İstanbul,Eyüpsultan,41.1653,28.8832
İstanbul,Fatih,41.0144,28.9548
İstanbul,Gaziosmanpaşa,41.0729,28.9018
İstanbul,Güngören,41.02,28.8748
İstanbul,Kadıköy,40.9811,29.0651
İstanbul,Kartal,40.9156,29.2031
İstanbul,Kâğıthane,41.0796,28.9854
İstanbul,Küçükçekmece,41.0211,28.7765
İstanbul,Maltepe,40.9439,29.1591
İstanbul,Pendik,40.9573,29.3549
İstanbul,Sancaktepe,40.9994,29.2256
İstanbul,Sarıyer,41.1717,29.0084
İstanbul,Silivri,41.1979,28.1957
İstanbul,Sultanbeyli,40.9682,29.2698
İstanbul,Sultangazi,41.1209,28.8752
İstanbul,Tuzla,40.8916,29.3718
İstanbul,Zeytinburnu,41.0053,28.9084
İstanbul,Çatalca,41.3196,28.4138
İstanbul,Çekmeköy,41.0729,29.295
İstanbul,Ümraniye,41.0272,29.1275
İstanbul,Üsküdar,41.0352,29.0573
İstanbul,Şile,41.0892,29.6415
İstanbul,Şişli,41.0665,28.989
İzmir,Aliağa,38.8072,27.0514
İzmir,Balçova,38.3805,27.0557
İzmir,Bayraklı,38.4867,27.1496
İzmir,Bayındır,38.2424,27.6579
İzmir,Bergama,39.1185,27.1472
İzmir,Beydağ,38.0951,28.2234
İzmir,Bornova,38.4686,27.2606
İzmir,Buca,38.3445,27.2628
İzmir,Dikili,39.0788,26.9299
İzmir,Foça,38.6701,26.8586
İzmir,Gaziemir,38.3181,27.1305
İzmir,Güzelbahçe,38.3353,26.8873
İzmir,Karabağlar,38.3472,27.0413
İzmir,Karaburun,38.5588,26.47
İzmir,Karşıyaka,38.5034,27.1135
İzmir,Kemalpaşa,38.4238,27.5273
İzmir,Kiraz,38.2284,28.3144
İzmir,Konak,38.422,27.1542
İzmir,Kınık,39.0438,27.3839
İzmir,Menderes,38.1495,27.1095
İzmir,Menemen,38.6257,27.069
İzmir,Narlıdere,38.3726,26.9751
İzmir,Seferihisar,38.1697,26.8939
İzmir,Selçuk,37.9483,27.3837
İzmir,Tire,38.0878,27.7212
İzmir,Torbalı,38.185,27.3368
İzmir,Urla,38.2862,26.6502
İzmir,Çeşme,38.3174,26.4486
İzmir,Çiğli,38.4921,26.9941
İzmir,Ödemiş,38.1921,28.0034
Şanlıurfa,Akçakale,36.8071,38.7795
Şanlıurfa,Birecik,37.0484,38.0862
Şanlıurfa,Bozova,37.2824,38.4191
Şanlıurfa,Ceylanpınar,36.9333,39.8457
Şanlıurfa,Eyyübiye,36.997,39.0138
Şanlıurfa,Halfeti,37.2966,38.0221
Şanlıurfa,Haliliye,37.2313,39.1031
Şanlıurfa,Harran,36.8438,39.1701
Şanlıurfa,Hilvan,37.5487,38.922
Şanlıurfa,Karaköprü,37.2974,38.7389
Şanlıurfa,Siverek,37.619,39.5229
Şanlıurfa,Suruç,36.9856,38.3594
Şanlıurfa,Viranşehir,37.2704,39.7768
Şırnak,Beytüşşebap,37.5767,43.0924
Şırnak,Cizre,37.2849,42.1128
Şırnak,Güçlükonak,37.5326,41.9504
Şırnak,Silopi,37.2521,42.4823
Şırnak,Uludere,37.4174,42.9336
Şırnak,İdil,37.2861,41.7987
Şırnak,Şırnak Merkez,37.5487,42.3619
